time,latitude,longitude,depth,mag,magType,nst,gap,dmin,rms,net,id,updated,place,type,horizontalError,depthError,magError,magNst,status,locationSource,magSource
2024-06-19T14:05:35.430Z,19.4751663208008,-155.434661865234,0.180000007152557,2.47,ml,56,35,0.04926,0.340000004,hv,hv74283541,2024-06-19T14:08:13.950Z,"21 km W of Volcano, Hawaii",earthquake,0.32,0.540000021,0.29,30,automatic,hv,hv
2024-06-19T12:43:16.810Z,19.2758331298828,-155.406829833984,30.8500003814697,2.79,ml,25,175,0.06065,0.150000006,hv,hv74283456,2024-06-19T12:45:53.240Z,"11 km NE of Pāhala, Hawaii",earthquake,0.71,0.629999995,0.49,17,automatic,hv,hv
2024-06-19T12:09:43.905Z,41.6085,71.1831,10,4.4,mb,27,98,0.136,0.86,us,us7000mtej,2024-06-19T12:50:37.121Z,"19 km SSE of Kanysh-Kyya, Kyrgyzstan",earthquake,4.43,1.932,0.126,18,reviewed,us,us
2024-06-19T11:11:36.465Z,44.2966,-114.8494,13.257,2.9,ml,21,68,0.19,0.36,us,us7000mted,2024-06-19T11:33:24.040Z,"11 km NE of Stanley, Idaho",earthquake,2.94,8.488,0.045,64,reviewed,us,us
2024-06-19T10:48:18.275Z,-6.4739,147.6781,59.374,4.1,mb,14,174,2.957,0.54,us,us7000mte9,2024-06-19T12:19:06.040Z,"20 km WNW of Finschhafen, Papua New Guinea",earthquake,14.73,12.892,0.158,11,reviewed,us,us
2024-06-19T10:08:01.354Z,-56.6421,-25.4662,15.779,5.7,mb,77,69,6.698,0.53,us,us7000mtdy,2024-06-19T12:13:02.414Z,"South Sandwich Islands region",earthquake,11.35,4.898,0.069,74,reviewed,us,us
2024-06-19T10:01:37.030Z,19.1755,-66.5691666666667,44.56,3.05,md,7,320,0.6957,0.38,pr,pr71453293,2024-06-19T10:27:36.120Z,"79 km NNE of Arecibo, Puerto Rico",earthquake,3.87,10.38,0.089265303176117,6,reviewed,pr,pr
2024-06-19T09:42:43.767Z,32.411,-102.038,7.7881,3.2,ml,23,80,0.1,0.1,tx,tx2024lziu,2024-06-19T14:10:09.884Z,"32 km WSW of Ackerly, Texas",earthquake,0.7057225620468943,1.7741617493182447,0.1,30,reviewed,tx,tx
2024-06-19T07:49:04.080Z,35.9726676940918,-120.531829833984,10.4300003051758,2.56,md,48,39,0.01614,0.11,nc,nc75023827,2024-06-19T07:53:14.710Z,"12 km NW of Parkfield, CA",earthquake,0.18,0.289999992,0.12,57,automatic,nc,nc
2024-06-19T06:49:33.680Z,19.1545,-66.5343333333333,22.87,3.21,md,15,298,0.6738,0.15,pr,pr71453268,2024-06-19T07:07:31.240Z,"76 km N of Tierras Nuevas Poniente, Puerto Rico",earthquake,0.73,12.22,0.0188289354235258,9,reviewed,pr,pr
2024-06-19T06:35:01.540Z,17.9611666666667,-66.8411666666667,14.51,2.65,md,12,170,0.02814,0.24,pr,pr71453258,2024-06-19T06:49:06.560Z,"4 km SSW of Indios, Puerto Rico",earthquake,0.79,0.63,0.0220011998984884,5,reviewed,pr,pr
2024-06-19T06:22:45.570Z,19.0219993591309,-155.431838989258,35.5699996948242,2.51999998,md,41,246,0.1292,0.140000001,hv,hv74283051,2024-06-19T06:24:31.130Z,"16 km ESE of Naalehu, Hawaii",earthquake,0.63,0.75,0.0599999987,5,automatic,hv,hv
2024-06-19T06:21:55.810Z,19.1718333333333,-66.5585,21,3.39,md,43,251,0.6916,0.24,pr,pr71453248,2024-06-19T07:44:52.040Z,"78 km N of Tierras Nuevas Poniente, Puerto Rico",earthquake,0.6,16.09,0.0167223323092425,15,reviewed,pr,pr
2024-06-19T04:17:39.082Z,34.9141,70.2412,67.783,4.8,mb,57,92,3.866,0.68,us,us7000mtch,2024-06-19T09:36:27.853Z,"27 km N of Mehtar Lām, Afghanistan",earthquake,9.42,7.414,0.043,166,reviewed,us,us
2024-06-19T00:48:13.901Z,-13.3077,-76.6693,52.593,4.7,mb,18,161,1.323,0.83,us,us7000mtbv,2024-06-19T02:28:49.040Z,"40 km SW of San Vicente de Cañete, Peru",earthquake,9.57,9.641,0.225,6,reviewed,us,us
2024-06-19T00:46:55.750Z,36.446,-97.05116667,7.31,3.02,ml,97,37,0,0.18,ok,ok2024lyrb,2024-06-19T13:46:31.613Z,"11 km E of Red Rock, Oklahoma",earthquake,,0.3,0.27,38,reviewed,ok,ok
2024-06-19T00:02:06.850Z,19.3841666666667,-155.276,1.71,2.48,ml,26,45,0.005886,0.1,hv,hv74282696,2024-06-19T01:00:15.610Z,"7 km SW of Volcano, Hawaii",earthquake,0.15,0.16,0.128111937367323,9,reviewed,hv,hv
2024-06-18T23:32:59.284Z,12.7903,-88.3312,65.005,4.1,mb,21,168,0.675,1.05,us,us7000mtb7,2024-06-18T23:51:59.040Z,"51 km SSW of Chirilagua, El Salvador",earthquake,3.8,9.865,0.185,8,reviewed,us,us
2024-06-18T23:25:11.384Z,29.7989,59.8227,10,4,mb,33,125,5.806,0.68,us,us7000mtb6,2024-06-18T23:59:39.040Z,"19 km SW of Noşratābād, Iran",earthquake,9.18,1.974,0.116,20,reviewed,us,us
2024-06-18T22:46:32.584Z,18.1386,-77.7476,10,4,mb,24,96,0.22,1.33,us,us7000mtcu,2024-06-19T05:25:57.160Z,"2 km SE of Maggotty, Jamaica",earthquake,4.22,1.968,0.232,5,reviewed,us,us
2024-06-18T22:25:24.480Z,18.618,-68.9908,117,3.77,md,11,164,0.6182,0.48,pr,pr2024170000,2024-06-18T23:26:31.479Z,"3 km NNW of Guaymate, Dominican Republic",earthquake,4.7,2.26,0.16,6,reviewed,pr,pr
2024-06-18T21:42:33.801Z,-18.8857,168.8647,99.248,5,mb,74,100,3.939,0.77,us,us7000mtap,2024-06-19T00:31:45.042Z,"84 km NNW of Isangel, Vanuatu",earthquake,10.15,6.926,0.04,206,reviewed,us,us
2024-06-18T21:29:33.757Z,59.9712,-152.9734,126.3,2.8,ml,,,,0.44,ak,ak0247ti1e13,2024-06-18T22:11:26.040Z,"66 km ENE of Pedro Bay, Alaska",earthquake,,0.6,,,automatic,ak,ak
2024-06-18T20:00:17.500Z,19.3856666666667,-155.241666666667,1.82,3.08,ml,30,69,0.009105,0.09,hv,hv74282401,2024-06-18T20:42:26.040Z,"6 km S of Volcano, Hawaii",earthquake,0.17,0.15,0.176504599464226,14,reviewed,hv,hv
2024-06-18T19:53:26.967Z,31.662,-104.306,6.7151,2.9,ml,40,58,0,0.1,tx,tx2024lyhk,2024-06-18T20:13:16.040Z,"57 km S of Whites City, New Mexico",earthquake,0.5757043250286049,0.5866680944303926,0.2,33,reviewed,tx,tx
2024-06-18T18:46:59.399Z,-23.8157,-67.0322,226.342,4.6,mb,22,121,1.36,0.8,us,us7000mt9e,2024-06-18T19:55:58.040Z,"85 km WNW of San Antonio de los Cobres, Argentina",earthquake,11.84,9.673,0.245,5,reviewed,us,us
2024-06-18T17:11:01.576Z,-2.1881,-77.2275,145.518,4.6,mb,104,51,1.054,0.9,us,us7000mt8i,2024-06-18T19:49:01.040Z,"98 km ESE of Palora, Ecuador",earthquake,8.32,4.824,0.064,74,reviewed,us,us
2024-06-18T16:40:58.716Z,44.4462,-125.6249,10,2.6,ml,25,236,1.25,0.79,us,us7000mt84,2024-06-19T03:23:34.626Z,"122 km W of Yachats, Oregon",earthquake,3.77,2.01,0.034,112,reviewed,us,us
2024-06-18T16:33:55.999Z,44.0166,-72.0023,6.989,2.6,mb_lg,22,77,0.373,0.41,us,us7000mt82,2024-06-19T13:44:43.594Z,"5 km ESE of Haverhill, New Hampshire",earthquake,1.11,4.746,0.073,50,reviewed,us,us
2024-06-18T16:10:54.589Z,31.4413,-115.5421,13.485,2.9,ml,19,245,1.245,0.51,us,us7000mt72,2024-06-18T18:24:49.040Z,"68 km E of San Vicente, Mexico",earthquake,4.4,8.66,0.055,44,reviewed,us,us
2024-06-18T15:59:58.060Z,19.1876666666667,-155.5005,35.94,2.76,ml,47,75,0.04844,0.1,hv,hv74282091,2024-06-18T23:38:38.480Z,"2 km SW of Pāhala, Hawaii",earthquake,0.42,0.47,0.148003599523578,35,reviewed,hv,hv
2024-06-18T15:47:40.323Z,-17.0993,-71.1115,115.856,4.7,mb,48,134,1.462,1.23,us,us7000mt6w,2024-06-18T17:27:45.040Z,"21 km WNW of Moquegua, Peru",earthquake,6.46,8.264,0.071,60,reviewed,us,us
2024-06-18T14:58:06.090Z,36.6501655578613,-121.293998718262,7.40000009536743,2.88,md,61,31,,0.23,nc,nc75023577,2024-06-18T18:47:27.200Z,"16 km S of Tres Pinos, CA",earthquake,0.27,0.660000026,0.11,71,automatic,nc,nc
2024-06-18T13:49:44.456Z,-38.9664,177.6503,18.954,4.4,mwr,38,147,0.63,0.8,us,us7000mt6g,2024-06-18T19:43:42.660Z,"23 km SSE of Tiniroto, New Zealand",earthquake,6.37,5.005,0.069,20,reviewed,us,us
2024-06-18T13:42:55.315Z,35.239,87.5539,10,4.5,mb,45,90,7.666,0.99,us,us7000mt6f,2024-06-18T15:33:54.040Z,"western Xizang",earthquake,10.33,1.916,0.082,44,reviewed,us,us
2024-06-18T13:23:44.804Z,-6.0784,131.5042,78.965,4.2,mb,19,59,2.22,0.9,us,us7000mt6b,2024-06-18T15:12:41.040Z,"146 km WSW of Tual, Indonesia",earthquake,9.69,15.081,0.167,10,reviewed,us,us
2024-06-18T13:08:03.419Z,-19.9577,-48.8587,11.416,4.3,mb,26,44,2.685,0.65,us,us7000mt65,2024-06-19T13:15:31.688Z,"11 km NE of Frutal, Brazil",earthquake,6.96,5.8,0.16,11,reviewed,us,us
2024-06-18T13:03:42.465Z,60.2837,-141.1305,10.7,2.5,ml,,,,0.81,ak,ak0247td4d8m,2024-06-18T14:52:47.040Z,"113 km NW of Yakutat, Alaska",earthquake,,0.1,,,automatic,ak,ak
2024-06-18T12:26:25.810Z,32.6378333,-115.7308333,8.72,2.53,ml,44,51,0.01206,0.23,ci,ci40801648,2024-06-18T14:29:13.964Z,"15 km WNW of Progreso, B.C., MX",earthquake,0.21,0.43,0.217,25,reviewed,ci,ci
2024-06-18T11:43:39.400Z,39.5068321228027,-121.99649810791,16.7999992370605,2.8,md,11,128,0.109,0.36,nc,nc75023552,2024-06-19T03:09:40.007Z,"17 km ESE of Willows, CA",earthquake,1.3,2.02999997,0.22,9,automatic,nc,nc
2024-06-18T11:27:58.388Z,60.1438,-140.7726,0,3.2,ml,,,,1.07,ak,ak0247tc2ogk,2024-06-18T12:17:20.040Z,"88 km NW of Yakutat, Alaska",earthquake,,0.2,,,automatic,ak,ak
2024-06-18T11:21:10.815Z,24.8435,125.3752,44.294,4.7,mb,39,115,1.136,1.25,us,us7000mt5s,2024-06-18T12:31:22.040Z,"8 km ENE of Hirara, Japan",earthquake,8.3,5.494,0.084,43,reviewed,us,us
2024-06-18T09:54:49.224Z,35.2605,58.4582,10,4.9,mb,77,69,8.777,1.07,us,us7000mt58,2024-06-19T04:45:44.098Z,"2 km NNW of Kāshmar, Iran",earthquake,7.95,1.859,0.048,134,reviewed,us,us
2024-06-18T09:51:20.832Z,-32.0236,-177.167,70.786,5.2,mb,25,157,2.828,0.91,us,us7000mt55,2024-06-18T10:10:31.040Z,"south of the Kermadec Islands",earthquake,13.93,9.374,0.115,25,reviewed,us,us
2024-06-18T09:36:09.450Z,59.6354,-157.4672,249.5,2.5,ml,,,,1.19,ak,ak0247taxmwh,2024-06-18T17:05:46.315Z,"14 km SW of Koliganek, Alaska",earthquake,,5.8,,,automatic,ak,ak
2024-06-18T09:28:18.456Z,30.3511,138.5063,439.431,4.3,mb,80,50,2.972,0.73,us,us7000mt52,2024-06-18T11:33:09.040Z,"Izu Islands, Japan region",earthquake,10.87,6.452,0.034,246,reviewed,us,us
2024-06-18T08:56:49.490Z,17.8163333333333,-66.8745,13.87,2.61,md,7,233,0.1579,0.09,pr,pr71453173,2024-06-18T09:15:22.020Z,"17 km SSE of Guánica, Puerto Rico",earthquake,0.75,0.45,0.0577780928357754,4,reviewed,pr,pr
2024-06-18T06:51:02.760Z,17.9955,-65.8171666666667,16.38,2.48,md,10,198,0.1489,0.14,pr,pr71453168,2024-06-18T07:07:19.850Z,"5 km SE of El Negro, Puerto Rico",earthquake,0.59,1.08,0.085256426843852,6,reviewed,pr,pr
2024-06-18T06:40:38.060Z,-16.6351,-173.8371,53.927,5.8,mww,112,45,3.358,0.72,us,us7000mt4l,2024-06-19T06:44:13.561Z,"75 km S of Hihifo, Tonga",earthquake,7.51,3.525,0.056,31,reviewed,us,us
2024-06-18T06:10:23.292Z,60.3197,-138.0879,0.95,2.9,ml,39,102,0.584,0.7,us,us7000mt4i,2024-06-18T08:32:45.040Z,"125 km NE of Yakutat, Alaska",earthquake,3.85,6.701,0.043,70,reviewed,us,us
2024-06-18T05:22:10.311Z,-7.298,155.2102,10,4.9,mb,27,90,5.147,0.72,us,us7000mt4d,2024-06-18T05:45:29.040Z,"112 km SSW of Panguna, Papua New Guinea",earthquake,11.23,1.891,0.068,68,reviewed,us,us
2024-06-18T03:46:57.290Z,24.1125,121.7615,18.338,4.7,mb,51,66,0.164,0.53,us,us7000mt4b,2024-06-18T06:34:41.870Z,"21 km NE of Hualien City, Taiwan",earthquake,2.82,3.563,0.061,80,reviewed,us,us
2024-06-18T02:44:41.010Z,18.4663333333333,-67.3386666666667,142.73,3.42,md,8,182,0.5066,0.08,pr,pr71453123,2024-06-18T11:37:32.292Z,"16 km NW of Rincón, Puerto Rico",earthquake,2.01,0.73,0.0503812926370157,4,reviewed,pr,pr
2024-06-18T02:22:09.941Z,-3.9249,-76.6766,104.872,5.5,mww,145,39,2.766,0.48,us,us7000mt41,2024-06-19T02:25:25.070Z,"56 km SSW of Alianza Cristiana, Peru",earthquake,8.31,2.491,0.034,83,reviewed,us,us
2024-06-18T01:10:10.059Z,17.5049,-105.0602,10,5,mb,116,67,4.213,0.6,us,us7000mt3p,2024-06-18T04:30:54.040Z,"188 km SSW of Cuyutlán, Mexico",earthquake,8.89,1.792,0.023,608,reviewed,us,us
2024-06-17T23:07:55.911Z,-32.376,-70.3783,118.7,4.3,mb,27,104,0.805,0.49,us,us7000mt3g,2024-06-17T23:50:39.040Z,"52 km NE of San Felipe, Chile",earthquake,4.65,5.938,0.216,6,reviewed,us,us
2024-06-17T22:37:24.521Z,-7.0197,127.8573,272.176,4.3,mb,19,69,4.472,0.58,us,us7000mt39,2024-06-17T23:03:56.040Z,"191 km NNE of Lospalos, Timor Leste",earthquake,5.93,10.171,0.202,7,reviewed,us,us
2024-06-17T20:49:58.754Z,-6.3443,146.2942,103.731,5.2,mww,108,25,3.159,0.66,us,us7000mt2v,2024-06-18T02:12:32.748Z,"47 km E of Kainantu, Papua New Guinea",earthquake,7.14,4.269,0.066,22,reviewed,us,us
2024-06-17T17:15:28.488Z,51.6951,-175.0431,10,3.7,mb,17,221,0.729,0.88,us,us7000mt1l,2024-06-17T21:15:24.131Z,"80 km SW of Atka, Alaska",earthquake,6.52,2.013,0.099,26,reviewed,us,us
2024-06-17T17:15:14.931Z,-2.2629,138.4883,28.079,4.2,mb,17,110,2.227,0.33,us,us7000mt1n,2024-06-17T21:13:20.040Z,"241 km W of Abepura, Indonesia",earthquake,9.15,6.111,0.159,11,reviewed,us,us
2024-06-17T16:31:09.706Z,41.8753,142.608,76.228,4.3,mb,24,143,0.433,0.55,us,us7000mt1f,2024-06-17T17:15:50.040Z,"34 km SSW of Urakawa, Japan",earthquake,8.37,9.042,0.16,11,reviewed,us,us
2024-06-17T15:29:48.440Z,42.6173333333333,-111.496,3.45,2.57,ml,16,145,0.5436,0.18,uu,uu80073886,2024-06-18T17:31:31.860Z,"9 km ESE of Soda Springs, Idaho",earthquake,0.82,2.98,0.200307623783,8,reviewed,uu,uu
2024-06-17T15:08:19.527Z,31.664,-104.312,6.4075,2.7,ml,37,58,0,0.2,tx,tx2024lwcm,2024-06-17T17:16:51.109Z,"57 km S of Whites City, New Mexico",earthquake,0.7307838790160135,0.8209826799839554,0.2,29,reviewed,tx,tx
2024-06-17T14:34:21.872Z,31.662,-104.313,6.4587,2.5,ml,33,68,0,0.2,tx,tx2024lwbk,2024-06-17T19:16:19.755Z,"57 km S of Whites City, New Mexico",earthquake,0.7610360651984795,0.8434291292778112,0.2,25,reviewed,tx,tx
2024-06-17T14:09:44.209Z,-11.4526,166.2368,48.694,5.6,mww,158,17,6.501,0.61,us,us7000mt0h,2024-06-18T14:13:30.869Z,"93 km SSE of Lata, Solomon Islands",earthquake,9.85,3.944,0.066,22,reviewed,us,us
2024-06-17T14:05:14.143Z,-18.8182,-173.2767,10,5.5,mww,77,33,5.088,1.31,us,us7000mt0e,2024-06-18T14:09:04.957Z,"76 km ESE of Neiafu, Tonga",earthquake,11.31,1.778,0.083,14,reviewed,us,us
2024-06-17T12:49:59.188Z,31.66,-104.302,7.0612,3.1,ml,48,67,0,0.1,tx,tx2024lvxy,2024-06-17T13:20:04.040Z,"57 km S of Whites City, New Mexico",earthquake,0.4927781579504061,0.6071205168318345,0.2,34,reviewed,tx,tx
2024-06-17T11:32:13.050Z,36.852165222168,-121.295997619629,7.5,2.59,md,47,48,,0.07,nc,nc75023222,2024-06-18T06:05:32.840Z,"7 km NNE of Tres Pinos, CA",earthquake,0.17,0.430000007,0.1,68,automatic,nc,nc
2024-06-17T10:08:14.610Z,18.0415,-68.0996666666667,16.16,3.19,md,11,209,0.541,0.27,pr,pr71452993,2024-06-17T10:40:09.530Z,"65 km SE of Boca de Yuma, Dominican Republic",earthquake,1.65,1.98,0.0218570995017733,9,reviewed,pr,pr
2024-06-17T09:26:05.054Z,31.7335,131.7102,45.53,4.5,mb,43,107,1.096,1.02,us,us7000msyr,2024-06-18T03:23:31.402Z,"34 km SE of Miyazaki, Japan",earthquake,6.73,7.928,0.074,54,reviewed,us,us
2024-06-17T08:45:47.390Z,19.0223333333333,-155.440166666667,36.71,2.59,ml,59,208,0.1223,0.11,hv,hv74280471,2024-06-18T01:32:02.820Z,"15 km ESE of Naalehu, Hawaii",earthquake,0.39,0.49,0.183475068081723,23,reviewed,hv,hv
2024-06-17T08:40:35.354Z,-3.3962,148.8276,10,5.3,mww,43,95,6.195,0.81,us,us7000msyi,2024-06-17T09:16:12.040Z,"229 km SE of Lorengau, Papua New Guinea",earthquake,10.29,1.884,0.06,27,reviewed,us,us
2024-06-17T08:36:56.711Z,-24.2521,-67.0513,165.864,4.2,mb,24,103,2.481,0.62,us,us7000msyg,2024-06-17T09:46:33.040Z,"74 km W of San Antonio de los Cobres, Argentina",earthquake,6.45,14.412,0.215,6,reviewed,us,us
2024-06-17T07:15:58.063Z,54.7308,-161.5292,42.862,4,ml,59,178,0.462,0.65,us,us7000msy7,2024-06-17T15:49:25.264Z,"62 km SE of King Cove, Alaska",earthquake,6.28,13.383,0.081,20,reviewed,us,us
2024-06-17T06:57:24.798Z,31.6553,131.6109,53.247,4.8,mb,76,134,0.999,0.78,us,us7000msy5,2024-06-17T09:39:34.842Z,"23 km ENE of Nichinan, Japan",earthquake,6.19,7.11,0.042,176,reviewed,us,us
2024-06-17T06:17:56.919Z,37.2931,20.5605,36.541,4,mb,30,147,1.095,0.66,us,us7000msy0,2024-06-17T20:30:42.526Z,"52 km SSW of Lithakiá, Greece",earthquake,7.55,6.255,0.212,6,reviewed,us,us
2024-06-17T05:39:55.740Z,19.1696,-68.5135,52,3.56,md,12,300,0.6689,0.57,pr,pr2024169000,2024-06-17T08:22:33.040Z,"59 km NNE of Otra Banda, Dominican Republic",earthquake,5.24,12.3,0.05,8,reviewed,pr,pr
2024-06-17T04:47:19.954Z,26.5962,130.1709,10,4.9,mww,74,78,1.222,0.52,us,us7000msxm,2024-06-18T02:48:20.040Z,"171 km SE of Isen, Japan",earthquake,5.52,1.802,0.075,17,reviewed,us,us
2024-06-17T03:34:48.905Z,2.1588,-97.5471,10,4.5,mb,33,146,14.962,0.76,us,us7000msxg,2024-06-17T05:19:12.040Z,"west of the Galapagos Islands",earthquake,11.65,1.952,0.071,58,reviewed,us,us
2024-06-17T03:24:21.218Z,60.9817,-149.6998,31.5,2.5,ml,,,,0.41,ak,ak0247rjr53d,2024-06-17T05:11:05.040Z,"7 km NNW of Hope, Alaska",earthquake,,0.2,,,automatic,ak,ak
2024-06-17T03:13:13.051Z,61.3612,-147.7477,18.7,2.7,ml,,,,0.47,ak,ak0247rjorl5,2024-06-17T05:05:10.040Z,"50 km S of Glacier View, Alaska",earthquake,,0.3,,,automatic,ak,ak
2024-06-17T03:02:06.410Z,18.1838333333333,-67.1653333333333,76.18,2.83,md,8,261,0.07603,0.21,pr,pr71452943,2024-06-17T03:15:03.260Z,"3 km SW of Mayagüez, Puerto Rico",earthquake,2.33,1.14,0.121495528360802,6,reviewed,pr,pr
2024-06-17T02:58:59.645Z,-40.1782,78.5573,10,4.9,mb,32,68,28.807,0.8,us,us7000msx3,2024-06-17T04:41:45.040Z,"Mid-Indian Ridge",earthquake,10.21,1.616,0.105,28,reviewed,us,us
2024-06-17T02:53:42.040Z,17.8825,-67.2123333333333,11.87,2.65,md,9,296,0.1573,0.22,pr,pr71452928,2024-06-17T03:06:56.640Z,"10 km SSW of Pole Ojea, Puerto Rico",earthquake,1.1,0.63,0.0336663214422837,5,reviewed,pr,pr
2024-06-17T02:39:36.206Z,-15.9341,-74.3965,35,4.2,mb,29,144,4.585,0.79,us,us7000mswt,2024-06-17T04:26:32.040Z,"15 km SSW of Atiquipa, Peru",earthquake,4.92,1.948,0.128,17,reviewed,us,us
2024-06-17T02:23:35.455Z,-16.097,-74.766,10,4.5,mb,29,153,4.555,1.42,us,us7000mswm,2024-06-17T04:30:45.040Z,"54 km SW of Atiquipa, Peru",earthquake,10.45,1.922,0.097,31,reviewed,us,us
2024-06-17T02:21:34.252Z,-6.9817,129.7735,133.217,4.3,mb,15,87,4.729,0.93,us,us7000mswn,2024-06-17T03:54:49.040Z,"Banda Sea",earthquake,8.97,13.228,0.239,5,reviewed,us,us
2024-06-17T02:03:09.079Z,60.5202,-141.3221,11.5,2.8,ml,,,,0.95,ak,ak0247rj16ij,2024-06-17T03:34:22.040Z,"133 km SE of McCarthy, Alaska",earthquake,,0.3,,,automatic,ak,ak
2024-06-17T01:21:47.950Z,36.6341667175293,-121.252830505371,9.47999954223633,2.78,md,52,102,,0.11,nc,nc75023102,2024-06-17T02:51:26.040Z,"15 km NNW of Pinnacles, CA",earthquake,0.21,0.439999998,0.12,67,automatic,nc,nc
2024-06-17T00:52:40.520Z,17.9385,-66.9186666666667,13.65,2.51,md,4,218,0.05224,0.11,pr,pr71452888,2024-06-17T01:06:52.900Z,"3 km SSW of Guánica, Puerto Rico",earthquake,2.36,0.65,0.0231612582538685,3,reviewed,pr,pr
2024-06-17T00:31:27.413Z,60.0255,-152.6719,107.1,2.5,ml,,,,0.43,ak,ak0247ri0csx,2024-06-17T00:47:04.040Z,"53 km W of Happy Valley, Alaska",earthquake,,0.5,,,automatic,ak,ak
2024-06-16T23:41:25.160Z,18,-66.8273333333333,11.06,2.86,md,17,124,0.0477,0.17,pr,pr71452878,2024-06-16T23:57:04.070Z,"1 km NW of Indios, Puerto Rico",earthquake,0.34,0.6,0.186301199226853,8,reviewed,pr,pr
2024-06-16T23:38:56.942Z,58.9007,-154.3196,118.932,2.5,ml,20,109,1.059,0.33,us,us7000msvz,2024-06-17T00:16:52.040Z,"65 km SSE of Kokhanok, Alaska",earthquake,3.77,11.822,0.057,40,reviewed,us,us
2024-06-16T22:57:19.845Z,-21.6394,-68.579,138.768,4.1,mb,11,158,0.636,0.32,us,us7000msvv,2024-06-16T23:10:32.040Z,"56 km SW of Ollagüe, Chile",earthquake,9.28,16.554,0.235,5,reviewed,us,us
2024-06-16T22:20:32.460Z,51.8878333333333,178.101333333333,5.63,2.76,ml,8,309,0.2611,0.1,av,av93167126,2024-06-17T04:00:04.570Z,"Rat Islands, Aleutian Islands, Alaska",earthquake,1.8,0.78,0.249625346447121,7,reviewed,av,av
2024-06-16T22:15:11.240Z,51.8736666666667,178.139666666667,6.59,3.65,ml,11,304,0.2421,0.14,av,av93167111,2024-06-17T03:45:08.610Z,"Rat Islands, Aleutian Islands, Alaska",earthquake,1.28,0.97,0.264600103456638,11,reviewed,av,av
2024-06-16T21:17:18.982Z,18.8345,145.7159,194.39,4.8,mb,93,80,3.574,0.85,us,us7000msvf,2024-06-16T22:17:19.593Z,"Pagan region, Northern Mariana Islands",earthquake,6.57,6.986,0.046,147,reviewed,us,us
2024-06-16T19:36:53.338Z,31.662,-104.301,7.0227,2.7,ml,35,67,0,0.2,tx,tx2024lupx,2024-06-17T18:52:58.608Z,"57 km S of Whites City, New Mexico",earthquake,0.7456281914790373,0.9255246599037473,0.2,27,reviewed,tx,tx
2024-06-16T18:47:44.392Z,31.68,-104.394,4.9207,3.7,ml,38,65,0,0.2,tx,tx2024luod,2024-06-16T21:00:19.175Z,"54 km S of Whites City, New Mexico",earthquake,0.8307429338135821,0.9417468939282179,0.2,30,reviewed,tx,tx
2024-06-16T18:46:54.387Z,31.678,-104.393,4.9207,2.5,ml,28,68,0,0.2,tx,tx2024luoe,2024-06-17T17:19:02.956Z,"55 km S of Whites City, New Mexico",earthquake,0.8427900467373448,1.0118322852376418,0.2,22,reviewed,tx,tx
2024-06-16T18:06:28.284Z,-20.5635,-68.8305,116.232,4.4,mb,23,76,0.778,0.69,us,us7000msuk,2024-06-16T18:25:41.040Z,"89 km ESE of La Tirana, Chile",earthquake,5.47,6.382,0.13,17,reviewed,us,us
2024-06-16T17:32:12.628Z,-1.9654,-77.6947,12.767,4.4,mb,33,124,0.574,0.46,us,us7000msuc,2024-06-16T18:19:14.040Z,"41 km SE of Palora, Ecuador",earthquake,5.06,2.827,0.117,21,reviewed,us,us
2024-06-16T17:24:52.696Z,38.2564,37.7682,10,4.3,mwr,63,37,0.386,0.69,us,us7000msu9,2024-06-16T18:37:16.612Z,"19 km WSW of Akçadağ, Turkey",earthquake,1.24,1.879,0.042,54,reviewed,us,us
2024-06-16T17:05:24.642Z,59.6922,-151.5683,55.7,2.6,ml,,,,0.2,ak,ak0247q4fsq8,2024-06-16T17:14:38.040Z,"1 km NNW of Diamond Ridge, Alaska",earthquake,,0.6,,,automatic,ak,ak
2024-06-16T16:59:52.030Z,18.4138333333333,-66.31,58.58,2.95,md,19,180,0.1071,0.11,pr,pr71452848,2024-06-16T17:33:05.970Z,"2 km E of Vega Alta, Puerto Rico",earthquake,0.55,0.49,0.0836284968408532,10,reviewed,pr,pr
2024-06-16T16:53:14.583Z,57.8425,-156.2909,140.3,2.5,ml,,,,0.17,ak,ak0247q44mpu,2024-06-16T17:20:36.040Z,"75 km ENE of Ugashik, Alaska",earthquake,,1.9,,,automatic,ak,ak
2024-06-16T16:47:53.180Z,19.1331666666667,-66.4213333333333,21.83,3.11,md,18,253,0.6606,0.23,pr,pr71452838,2024-06-16T17:15:16.550Z,"74 km N of Brenas, Puerto Rico",earthquake,0.95,18.36,0.0859615875414068,11,reviewed,pr,pr
2024-06-16T16:42:49.515Z,53.7164,166.934,10,4.1,mb,27,145,4.42,0.85,us,us7000msu0,2024-06-16T17:16:50.040Z,"Komandorskiye Ostrova, Russia region",earthquake,13.55,1.966,0.082,41,reviewed,us,us
2024-06-16T16:24:06.512Z,53.8704,166.7491,10,4.8,mb,62,107,4.915,0.69,us,us7000msty,2024-06-16T17:01:03.040Z,"Komandorskiye Ostrova, Russia region",earthquake,6.75,1.887,0.038,215,reviewed,us,us
2024-06-16T15:49:20.366Z,42.5749,43.6253,10,4.2,mb,26,76,0.994,1.19,us,us7000msts,2024-06-16T18:40:54.040Z,"15 km E of Oni, Georgia",earthquake,5.29,1.968,0.141,14,reviewed,us,us
2024-06-16T15:42:40.282Z,42.5577,43.5822,10,4.4,mb,49,41,1.01,0.98,us,us7000mstr,2024-06-16T18:06:01.040Z,"11 km ESE of Oni, Georgia",earthquake,5.7,1.92,0.089,37,reviewed,us,us
2024-06-16T14:56:41.976Z,61.442,-150.7954,49.6,3,ml,,,,0.76,ak,ak0247q2yfkl,2024-06-16T20:04:20.438Z,"18 km SW of Susitna, Alaska",earthquake,,1.1,,,automatic,ak,ak
2024-06-16T14:56:26.326Z,62.3062,-150.1006,11.1,2.5,ml,,,,0.44,ak,ak0247q2yfk8,2024-06-16T16:42:01.040Z,"2 km SSE of Talkeetna, Alaska",earthquake,,0.3,,,automatic,ak,ak
2024-06-16T14:47:31.677Z,-15.9192,-74.5392,19.917,6,mww,74,68,4.502,1.11,us,us7000mstj,2024-06-17T18:17:26.422Z,"23 km SW of Atiquipa, Peru",earthquake,8.25,4.646,0.058,29,reviewed,us,us
2024-06-16T14:08:13.015Z,-21.683,-179.2145,567.249,5.2,mb,44,79,3.771,0.75,us,us7000mstf,2024-06-16T14:22:33.040Z,"Fiji region",earthquake,11.49,9.787,0.072,64,reviewed,us,us
2024-06-16T13:48:22.296Z,-20.2937,-177.5684,494.299,5.1,mb,44,71,2.378,0.78,us,us7000mstd,2024-06-16T14:02:07.040Z,"255 km WNW of Houma, Tonga",earthquake,11.83,9.458,0.085,45,reviewed,us,us
2024-06-16T13:09:15.813Z,-9.5241,112.798,53.827,4.8,mb,40,65,1.699,0.67,us,us7000mst7,2024-06-16T14:27:37.040Z,"145 km S of Dampit, Indonesia",earthquake,8.42,8.041,0.086,42,reviewed,us,us
2024-06-16T12:58:07.182Z,-14.6542,168.1853,10,4.6,mb,22,76,6.943,0.76,us,us7000mst5,2024-06-16T14:40:21.040Z,"109 km SE of Sola, Vanuatu",earthquake,10.84,1.927,0.132,17,reviewed,us,us
2024-06-16T11:49:04.982Z,4.8468,125.3423,57.28,4.9,mb,52,82,2.221,0.86,us,us7000mssz,2024-06-16T12:07:44.040Z,"62 km SSW of Sarangani, Philippines",earthquake,6.32,6.811,0.056,101,reviewed,us,us
2024-06-16T11:35:24.749Z,61.4457,-149.7525,52.1,2.5,ml,,,,0.33,ak,ak0247q11ml6,2024-06-16T12:46:06.040Z,"1 km SW of Knik, Alaska",earthquake,,0.5,,,automatic,ak,ak
2024-06-16T10:35:01.914Z,35.7286,140.0738,73.96,4.5,mb,43,123,1.714,0.4,us,us7000msss,2024-06-17T02:41:24.081Z,"7 km S of Shiroi, Japan",earthquake,7.84,6.781,0.108,25,reviewed,us,us
2024-06-16T10:16:35.989Z,35.7574,140.1841,64.223,4.5,mb,44,88,1.78,0.64,us,us7000mssq,2024-06-16T14:31:48.148Z,"2 km SW of Inba, Japan",earthquake,7.64,2.438,0.062,76,reviewed,us,us
2024-06-16T10:08:29.800Z,19.2573333333333,-155.394166666667,31.22,3.06,ml,46,107,0.01998,0.12,hv,hv74279461,2024-06-17T10:10:40.286Z,"10 km NE of Pāhala, Hawaii",earthquake,0.42,0.57,0.200079389613298,33,reviewed,hv,hv
2024-06-16T09:19:44.748Z,43.5319,-103.2417,9.991,2.8,ml,27,42,0.823,1.01,us,us7000mssj,2024-06-17T13:26:37.087Z,"7 km NE of Buffalo Gap, South Dakota",earthquake,5.57,7.977,0.256,2,reviewed,us,us
2024-06-16T08:48:52.152Z,-20.4726,-177.6642,495.291,4.4,mb,59,51,2.403,1,us,us7000mssg,2024-06-16T09:04:34.040Z,"257 km WNW of Houma, Tonga",earthquake,11.21,7.936,0.051,112,reviewed,us,us
2024-06-16T07:52:35.623Z,61.6078,-150.0859,38.4,3.3,ml,,,,0.67,ak,ak0247pyrk42,2024-06-17T05:49:18.218Z,"11 km NW of Big Lake, Alaska",earthquake,,0.5,,,reviewed,ak,ak
2024-06-16T07:27:45.480Z,-11.3591,166.3602,146.449,4.6,mb,52,101,6.59,0.33,us,us7000mss8,2024-06-16T07:45:53.040Z,"93 km SE of Lata, Solomon Islands",earthquake,9.5,5.48,0.082,45,reviewed,us,us
2024-06-16T07:19:02.550Z,35.7553333,-117.5728333,2.95,3.33,ml,38,82,0.1284,0.15,ci,ci40800256,2024-06-17T03:25:23.540Z,"15 km W of Searles Valley, CA",earthquake,0.17,0.72,0.158,215,reviewed,ci,ci
2024-06-16T07:03:03.000Z,47.6745,-122.088,14.57,2.68,ml,126,35,0.02584,0.39,uw,uw62007742,2024-06-19T01:28:42.588Z,"2 km E of Redmond, Washington",earthquake,0.23,0.46,0.1441737743233409,163,reviewed,uw,uw
2024-06-16T06:29:21.180Z,37.2576666666667,-121.635333333333,4.86,3.01,mw,130,42,,0.08,nc,nc75022872,2024-06-18T02:38:36.969Z,"14 km NNE of Morgan Hill, CA",earthquake,0.08,0.17,,4,reviewed,nc,nc
2024-06-16T06:17:35.853Z,-22.8098,-66.0435,254.203,4.2,mb,19,133,3.258,0.83,us,us7000msrw,2024-06-16T06:43:43.040Z,"36 km WSW of Abra Pampa, Argentina",earthquake,7.31,17.83,0.305,3,reviewed,us,us
2024-06-16T05:49:56.160Z,37.5636666666667,-113.059333333333,12.57,3.11,ml,26,58,0.0388,0.23,uu,uu80073776,2024-06-18T14:12:40.686Z,"11 km ENE of Kanarraville, Utah",earthquake,0.45,0.55,0.221612825973656,24,reviewed,uu,uu
2024-06-16T05:39:02.260Z,38.9958,75.2728,47.324,4.3,mb,54,127,2.072,0.77,us,us7000msrq,2024-06-16T06:16:13.040Z,"81 km SW of Kashgar, China",earthquake,8.47,9.856,0.096,31,reviewed,us,us
2024-06-16T01:33:16.951Z,-3.2632,145.9612,10,4.9,mb,62,65,1.854,1.02,us,us7000msqy,2024-06-16T01:50:36.040Z,"199 km SW of Lorengau, Papua New Guinea",earthquake,7.76,1.876,0.082,46,reviewed,us,us
2024-06-16T01:00:49.997Z,57.2084,-146.683,10,2.6,ml,17,284,2.235,0.43,us,us7000msqw,2024-06-16T02:07:39.040Z,"Gulf of Alaska",earthquake,10.52,2.02,0.062,34,reviewed,us,us
2024-06-16T00:27:56.572Z,-60.9993,154.2552,7.017,6,mww,58,37,6.982,0.99,us,us7000msqt,2024-06-17T00:31:59.852Z,"west of Macquarie Island",earthquake,11.52,3.176,0.049,40,reviewed,us,us
2024-06-15T22:50:27.850Z,18.906,-67.073,43.68,3.43,md,32,208,0.4103,0.19,pr,pr71452793,2024-06-16T00:01:50.990Z,"45 km N of Isabela, Puerto Rico",earthquake,0.55,1.39,0.0783916664299782,18,reviewed,pr,pr
2024-06-15T21:27:02.577Z,58.753,-138.7245,0,3.2,ml,,,,0.83,ak,ak0247ojeupd,2024-06-15T21:44:36.040Z,"105 km SSE of Yakutat, Alaska",earthquake,,0.6,,,automatic,ak,ak
2024-06-15T21:08:09.030Z,18.0575,-66.9958333333333,23.38,2.57,md,6,89,0.09896,0.11,pr,pr71452788,2024-06-15T21:33:26.770Z,"4 km WSW of Sabana Grande, Puerto Rico",earthquake,0.56,1.12,0.0282792886305341,5,reviewed,pr,pr
2024-06-15T18:38:03.655Z,-40.5596,78.1145,10,5.5,mww,100,30,10.416,0.7,us,us7000mspm,2024-06-17T12:38:42.040Z,"Mid-Indian Ridge",earthquake,9.72,1.826,0.103,9,reviewed,us,us
2024-06-15T17:50:41.186Z,-55.8044,-28.1744,13.505,5.4,mb,100,40,5.018,0.72,us,us7000msph,2024-06-16T17:55:19.438Z,"South Sandwich Islands region",earthquake,8.99,3.992,0.058,100,reviewed,us,us
2024-06-15T17:40:31.650Z,19.0255,-155.436833333333,36.8,3.1,ml,58,208,0.1234,0.12,hv,hv74278636,2024-06-18T01:44:40.731Z,"15 km ESE of Naalehu, Hawaii",earthquake,0.41,0.58,0.148964739162831,41,reviewed,hv,hv
2024-06-15T17:30:58.613Z,31.682,-104.396,4.7925,2.5,ml,23,68,0,0.2,tx,tx2024lsqg,2024-06-17T19:24:37.816Z,"54 km S of Whites City, New Mexico",earthquake,0.9540218611022597,0.9909665282622427,0.1,19,reviewed,tx,tx
2024-06-15T16:42:47.012Z,-39.1513,174.7574,224.236,4.4,ml,32,62,0.642,0.58,us,us7000msp6,2024-06-17T09:59:25.389Z,"45 km ENE of Stratford, New Zealand",earthquake,6.08,3.704,0.066,30,reviewed,us,us
2024-06-15T16:38:41.980Z,19.0156666666667,-155.437333333333,36.01,2.73,ml,51,211,0.1281,0.1,hv,hv74278571,2024-06-18T02:05:29.250Z,"16 km ESE of Naalehu, Hawaii",earthquake,0.58,0.66,0.117788838168928,18,reviewed,hv,hv
2024-06-15T15:31:02.122Z,-4.8902,102.9887,65.304,4.7,mb,86,138,0.528,0.78,us,us7000msnz,2024-06-15T15:56:44.040Z,"99 km SSW of Pagar Alam, Indonesia",earthquake,8.82,5.908,0.065,77,reviewed,us,us
2024-06-15T15:17:55.738Z,-3.0544,130.0182,16.548,4.5,mb,60,54,2.232,0.7,us,us7000msnx,2024-06-15T16:39:16.040Z,"119 km ENE of Masohi, Indonesia",earthquake,6.05,3.722,0.081,49,reviewed,us,us
2024-06-15T15:15:16.411Z,31.627,-104.493,6.0999,2.6,ml,38,69,0,0.2,tx,tx2024lslu,2024-06-17T16:59:21.829Z,"61 km S of Whites City, New Mexico",earthquake,0.9027859601196832,0.6451058150183628,0.2,30,reviewed,tx,tx
2024-06-15T14:59:12.041Z,27.1265,143.5008,13.244,4.7,mb,45,138,1.174,0.55,us,us7000msns,2024-06-15T15:39:13.040Z,"Bonin Islands, Japan region",earthquake,10.53,4.565,0.058,91,reviewed,us,us
2024-06-15T14:48:52.875Z,7.7487,137.1636,57.179,4.7,mb,51,133,10.789,0.63,us,us7000msnr,2024-06-15T15:32:20.040Z,"222 km SSW of Colonia, Micronesia",earthquake,11.42,5.571,0.049,125,reviewed,us,us
2024-06-15T14:41:56.950Z,18.8245,-155.054666666667,8.84,3.2,ml,58,268,0.4643,0.19,hv,hv74278456,2024-06-18T03:10:48.000Z,"61 km SE of Pāhala, Hawaii",earthquake,0.9,1.18,0.184879626558577,34,reviewed,hv,hv
2024-06-15T14:12:46.990Z,54.5235,-163.525,11.18,2.52,ml,15,210,0.1755,0.27,av,av93165301,2024-06-17T02:08:14.390Z,"37 km S of False Pass, Alaska",earthquake,0.91,1.25,0.289824425364861,16,reviewed,av,av
2024-06-15T13:39:55.922Z,36.4177,70.9509,193.826,4.4,mb,31,176,2.718,0.55,us,us7000msnh,2024-06-15T14:14:27.040Z,"50 km SSE of Jurm, Afghanistan",earthquake,9.66,9.257,0.123,19,reviewed,us,us
2024-06-15T13:35:31.222Z,46.8374,142.3198,9.93,4.3,mb,31,104,0.326,0.56,us,us7000msng,2024-06-15T15:21:32.040Z,"20 km NW of Aniva, Russia",earthquake,6.36,5.666,0.085,39,reviewed,us,us
2024-06-15T13:31:09.710Z,19.0226666666667,-155.4425,36.58,3.3,ml,60,208,0.1202,0.13,hv,hv74278381,2024-06-18T21:43:26.864Z,"15 km ESE of Naalehu, Hawaii",earthquake,0.42,0.57,0.192610389325097,43,reviewed,hv,hv
2024-06-15T13:11:29.410Z,56.3417,-149.9957,18.461,3.5,ml,25,209,2.021,0.84,us,us7000msn8,2024-06-15T16:22:35.496Z,"198 km SE of Chiniak, Alaska",earthquake,8.33,8.15,0.053,46,reviewed,us,us
2024-06-15T13:08:12.441Z,3.1626,127.2923,28.488,5.6,mww,111,43,2.376,0.92,us,us7000msn7,2024-06-16T13:13:14.114Z,"177 km NNW of Tobelo, Indonesia",earthquake,2.43,3.846,0.078,16,reviewed,us,us
2024-06-15T11:50:11.815Z,-23.622,-66.7988,198.316,4.5,mb,46,72,2.71,0.69,us,us7000msmy,2024-06-15T12:05:03.040Z,"82 km NW of San Antonio de los Cobres, Argentina",earthquake,8.3,8.858,0.099,30,reviewed,us,us
2024-06-15T10:24:03.298Z,63.3144,-148.8737,82.4,3.5,ml,,,,0.65,ak,ak0247ocufye,2024-06-15T16:37:48.523Z,"9 km SSE of Cantwell, Alaska",earthquake,,0.3,,,reviewed,ak,ak
2024-06-15T10:15:03.630Z,17.9048333333333,-66.7551666666667,6.78,2.47,md,8,240,0.1269,0.1,pr,pr71452758,2024-06-15T10:37:44.480Z,"10 km SSW of Tallaboa, Puerto Rico",earthquake,0.7,0.33,0.0778310188517595,3,reviewed,pr,pr
2024-06-15T08:35:09.735Z,-21.8373,-68.2857,110.144,4.6,mb,35,68,1.37,0.48,us,us7000msmf,2024-06-15T10:03:07.040Z,"67 km S of Ollagüe, Chile",earthquake,8.74,4.142,0.098,31,reviewed,us,us
2024-06-15T08:31:48.050Z,19.1176666666667,-66.693,10.93,3.09,md,11,288,0.6557,0.42,pr,pr71452748,2024-06-15T08:55:46.320Z,"71 km N of Carrizales, Puerto Rico",earthquake,4.44,5.72,0.109613865740895,10,reviewed,pr,pr
2024-06-15T05:34:14.576Z,29.7036,69.8955,10,4.4,mb,38,90,8.962,0.65,us,us7000msls,2024-06-15T06:46:23.040Z,"41 km ESE of Barkhan, Pakistan",earthquake,9.46,1.424,0.098,30,reviewed,us,us
2024-06-15T05:21:16.290Z,17.9553333333333,-65.1833333333333,5.12,3.33,md,15,222,0.45,0.37,pr,pr71452718,2024-06-15T08:36:37.910Z,"34 km ESE of Esperanza, Puerto Rico",earthquake,1.26,1.25,0.0791758200872623,10,reviewed,pr,pr
2024-06-15T05:08:19.960Z,18.7343333333333,-67.3585,6.18,3,md,8,306,0.3542,0.26,pr,pr71452713,2024-06-15T07:03:29.060Z,"38 km NW of San Antonio, Puerto Rico",earthquake,1.78,1.76,0.0390654205521914,4,reviewed,pr,pr
2024-06-15T04:06:11.560Z,17.9086666666667,-66.8455,11.36,2.64,md,9,240,0.06699,0.22,pr,pr71452703,2024-06-15T04:22:45.650Z,"8 km SSE of Maria Antonia, Puerto Rico",earthquake,1.2,0.63,0.188380630237186,5,reviewed,pr,pr
2024-06-15T03:00:29.271Z,27.0341,128.2654,57.051,4.3,mb,24,81,0.197,0.83,us,us7000msl4,2024-06-15T03:17:12.040Z,"28 km E of Iheya, Japan",earthquake,5.84,6.606,0.116,21,reviewed,us,us
2024-06-15T00:23:44.604Z,-33.9305,-72.208,28.315,4.7,mb,36,95,0.565,0.96,us,us7000msk4,2024-06-15T00:37:51.040Z,"66 km WSW of San Antonio, Chile",earthquake,4.42,6.796,0.165,11,reviewed,us,us
2024-06-14T23:47:45.125Z,-5.9516,102.9466,30.596,4.9,mb,82,92,1.581,0.6,us,us7000msjy,2024-06-15T00:05:13.040Z,"215 km S of Pagar Alam, Indonesia",earthquake,5.18,5.389,0.062,80,reviewed,us,us
2024-06-14T23:43:10.490Z,19.0228333333333,-155.4385,36.55,4.06,ml,61,208,0.1234,0.13,hv,hv74277571,2024-06-16T08:36:12.203Z,"15 km ESE of Naalehu, Hawaii",earthquake,0.39,0.56,0.16851591702651,46,reviewed,hv,hv
2024-06-14T23:26:57.198Z,-2.9783,130.206,10,4.3,mb,22,82,2.041,0.75,us,us7000msjt,2024-06-15T00:06:32.040Z,"141 km ENE of Masohi, Indonesia",earthquake,5.29,1.921,0.161,11,reviewed,us,us
2024-06-14T23:24:18.637Z,34.1134,86.406,10,4.6,mb,63,101,6.367,0.76,us,us7000msjs,2024-06-14T23:46:54.040Z,"western Xizang",earthquake,3.99,1.882,0.081,45,reviewed,us,us
2024-06-14T23:17:13.389Z,54.4801,-163.5699,10,3.5,ml,15,188,0.387,0.63,us,us7000msjp,2024-06-15T04:33:09.800Z,"42 km SSW of False Pass, Alaska",earthquake,3.18,1.971,0.097,14,reviewed,us,us
2024-06-14T23:04:53.710Z,17.9303333333333,-66.9508333333333,11.12,2.48,md,11,198,0.08137,0.09,pr,pr71452678,2024-06-14T23:19:47.730Z,"6 km SW of Guánica, Puerto Rico",earthquake,0.52,0.65,0.0635325418437596,6,reviewed,pr,pr
2024-06-14T22:39:02.720Z,19.0205,-155.436166666667,36.22,2.52,ml,54,210,0.1265,0.12,hv,hv74277536,2024-06-15T00:01:04.044Z,"15 km ESE of Naalehu, Hawaii",earthquake,0.43,0.61,0.170677172955763,15,reviewed,hv,hv
2024-06-14T22:00:39.720Z,32.9701667,-115.5336667,11.69,2.62,ml,56,40,0.07218,0.31,ci,ci40799144,2024-06-14T22:59:02.553Z,"1 km SSW of Brawley, CA",earthquake,0.27,0.48,0.25,26,reviewed,ci,ci
2024-06-14T21:57:43.930Z,17.8541666666667,-66.8563333333333,6.59,2.53,md,8,219,0.1181,0.07,pr,pr71452653,2024-06-14T22:14:20.380Z,"14 km SSE of Guánica, Puerto Rico",earthquake,0.45,0.28,0.0305953250847693,6,reviewed,pr,pr
2024-06-14T21:30:37.557Z,58.8145,-154.6315,106.6,2.7,ml,,,,0.14,ak,ak0247mvw823,2024-06-14T22:08:15.040Z,"70 km S of Kokhanok, Alaska",earthquake,,1.5,,,automatic,ak,ak
2024-06-14T21:27:54.447Z,-25.8609,179.5972,520.428,4.4,mb,29,145,4.023,0.71,us,us7000msiy,2024-06-14T21:52:11.040Z,"south of the Fiji Islands",earthquake,14.47,11.318,0.107,25,reviewed,us,us
2024-06-14T21:21:37.371Z,-10.4367,122.2481,10,4.1,mb,16,78,2.1,0.66,us,us7000msiw,2024-06-14T23:13:17.040Z,"93 km WNW of Baa, Indonesia",earthquake,5.7,1.99,0.214,6,reviewed,us,us
2024-06-14T21:05:00.260Z,17.911,-66.9376666666667,9.77,2.53,md,5,236,0.08456,0.26,pr,pr71452638,2024-06-14T21:18:59.460Z,"7 km SSW of Guánica, Puerto Rico",earthquake,1.35,1.53,0.0707518715904176,5,reviewed,pr,pr
2024-06-14T20:53:13.653Z,37.4279,72.1433,187.506,4.2,mb,38,85,2.064,1.28,us,us7000msin,2024-06-14T23:03:43.040Z,"52 km E of Khorugh, Tajikistan",earthquake,7.94,7.688,0.136,15,reviewed,us,us
2024-06-14T20:53:01.413Z,-21.0118,-67.1692,191.448,4.5,mb,57,54,2.083,0.78,us,us7000msil,2024-06-14T22:15:17.040Z,"70 km SSW of Uyuni, Bolivia",earthquake,6.58,6.971,0.079,53,reviewed,us,us
2024-06-14T20:45:44.616Z,69.8274,-130.723,9.87,4.2,mb,47,79,1.83,0.83,us,us7000msik,2024-06-14T22:42:25.040Z,"202 km NE of Inuvik, Canada",earthquake,7.23,4.94,0.095,31,reviewed,us,us
2024-06-14T19:56:02.603Z,-16.9366,-174.1408,139.189,4.2,mb,56,65,3.773,0.6,us,us7000msig,2024-06-14T22:02:19.040Z,"114 km SSW of Hihifo, Tonga",earthquake,8.72,7.065,0.083,50,reviewed,us,us
2024-06-14T19:49:29.610Z,19.3141666666667,-155.209,0.83,2.71,ml,54,125,0.05962,0.15,hv,hv74277281,2024-06-15T00:16:36.040Z,"14 km S of Volcano, Hawaii",earthquake,0.2,0.29,0.193140745385267,33,reviewed,hv,hv
2024-06-14T18:50:10.932Z,54.4855,-163.4672,13.421,2.6,ml,18,187,0.226,0.45,us,us7000mslb,2024-06-15T13:49:56.040Z,"41 km S of False Pass, Alaska",earthquake,1.59,5.032,0.097,14,reviewed,us,us
2024-06-14T18:16:26.228Z,-10.4771,120.1486,20.109,4.5,mb,37,96,2.856,0.84,us,us7000mshc,2024-06-14T23:33:47.040Z,"91 km S of Waingapu, Indonesia",earthquake,6.83,5.582,0.095,36,reviewed,us,us
2024-06-14T16:49:12.610Z,63.5805,-150.9251,12.2,2.5,ml,,,,0.56,ak,ak0247mt12pp,2024-06-14T20:11:53.040Z,"39 km E of Denali National Park, Alaska",earthquake,,0.2,,,automatic,ak,ak
2024-06-14T15:39:50.224Z,59.8546,-152.7723,103.2,3.1,ml,,,,0.35,ak,ak0247msdktl,2024-06-14T22:58:24.283Z,"53 km W of Anchor Point, Alaska",earthquake,,0.4,,,automatic,ak,ak
2024-06-14T15:38:02.253Z,-51.5459,139.4706,10,4.7,mb,26,107,10.149,0.61,us,us7000msg6,2024-06-14T15:55:17.040Z,"western Indian-Antarctic Ridge",earthquake,8.03,1.92,0.126,22,reviewed,us,us
2024-06-14T15:30:53.946Z,-51.4494,139.4107,10,4.7,mb,27,96,12.155,1.14,us,us7000msg4,2024-06-14T15:50:14.040Z,"western Indian-Antarctic Ridge",earthquake,12.12,1.922,0.114,23,reviewed,us,us
2024-06-14T15:11:48.296Z,41.8074,-127.2113,10,2.9,ml,11,323,2.19,0.56,us,us7000msfh,2024-06-14T16:45:48.040Z,"238 km WSW of Pistol River, Oregon",earthquake,6.52,2.028,0.049,54,reviewed,us,us
2024-06-14T15:11:34.063Z,-51.4507,139.4619,10,4.5,mb,17,112,14.519,0.92,us,us7000msg3,2024-06-14T16:41:30.040Z,"western Indian-Antarctic Ridge",earthquake,9.99,1.951,0.15,15,reviewed,us,us
2024-06-14T11:31:22.830Z,19.2686666666667,-66.337,6.55,3.29,md,11,293,0.8082,0.14,pr,pr71452593,2024-06-14T12:02:33.370Z,"88 km N of Brenas, Puerto Rico",earthquake,3.54,3.19,0.0359298508853028,8,reviewed,pr,pr
2024-06-14T11:09:15.753Z,5.1806,125.9263,99.137,4.4,mb,38,88,1.908,1.04,us,us7000msdc,2024-06-14T11:41:30.040Z,"56 km ESE of Sarangani, Philippines",earthquake,8.22,7.64,0.096,31,reviewed,us,us
2024-06-14T09:51:57.377Z,-31.1972,-13.3447,10,5.9,mww,157,56,5.918,0.53,us,us7000msc3,2024-06-15T09:55:48.576Z,"southern Mid-Atlantic Ridge",earthquake,9.19,1.841,0.086,13,reviewed,us,us
2024-06-14T09:29:34.779Z,-30.793,-13.7184,10,5.4,mb,45,109,16.468,0.79,us,us7000msc1,2024-06-15T09:32:39.773Z,"southern Mid-Atlantic Ridge",earthquake,13.62,1.911,0.09,42,reviewed,us,us
2024-06-14T09:28:12.241Z,-31.2473,-13.4676,10,5.3,mb,32,79,5.884,0.76,us,us7000msbz,2024-06-14T09:46:33.040Z,"southern Mid-Atlantic Ridge",earthquake,9.02,1.622,0.11,28,reviewed,us,us
2024-06-14T08:18:47.488Z,2.1592,128.1261,170.4,4.5,mb,46,77,1.573,0.6,us,us7000msbm,2024-06-14T08:38:14.040Z,"49 km NNE of Tobelo, Indonesia",earthquake,6.93,7.312,0.074,53,reviewed,us,us
2024-06-14T05:47:52.809Z,-17.8392,-178.5982,559.488,4.2,mb,37,78,2.367,0.88,us,us7000msbg,2024-06-14T06:08:52.040Z,"222 km E of Levuka, Fiji",earthquake,12.82,7.816,0.065,66,reviewed,us,us
2024-06-14T05:39:43.781Z,-1.9195,100.3383,62.763,4.8,mb,42,179,3.565,0.61,us,us7000msbe,2024-06-14T05:58:23.040Z,"84 km E of Tuapejat, Indonesia",earthquake,9.55,9.008,0.094,35,reviewed,us,us
2024-06-14T05:25:26.330Z,37.4814987182617,-121.806831359863,5.15000009536743,2.89,md,74,34,,0.09,nc,nc75022077,2024-06-16T06:46:27.004Z,"11 km ENE of Milpitas, CA",earthquake,0.14,0.389999986,0.13,105,automatic,nc,nc
2024-06-14T04:26:48.962Z,-30.9154,-13.4724,10,5.9,mww,84,56,6.212,0.7,us,us7000msb0,2024-06-15T04:29:52.960Z,"southern Mid-Atlantic Ridge",earthquake,10,1.852,0.078,16,reviewed,us,us
2024-06-14T01:05:24.304Z,-10.1439,164.7155,10,4.5,mb,19,218,4.751,0.82,us,us7000msa1,2024-06-14T01:39:44.040Z,"134 km WNW of Lata, Solomon Islands",earthquake,13.5,1.996,0.15,16,reviewed,us,us
2024-06-14T00:56:01.499Z,44.645,149.5235,35,4.3,mb,29,188,4.995,0.45,us,us7000ms9z,2024-06-17T01:25:26.040Z,"145 km ESE of Kuril’sk, Russia",earthquake,6.83,1.964,0.125,18,reviewed,us,us
2024-06-14T00:07:04.484Z,31.7,-104.163,7.3303,2.5,ml,17,52,0.1,0.2,tx,tx2024lpmg,2024-06-17T01:11:00.040Z,"53 km W of Mentone, Texas",earthquake,0.6888604322003554,0.9848931049133465,0.1,18,reviewed,tx,tx
2024-06-13T23:45:54.198Z,-19.8338,-175.578,138.974,4.8,mb,80,71,1.375,0.66,us,us7000ms9q,2024-06-17T00:58:38.040Z,"128 km W of Pangai, Tonga",earthquake,11.26,5.152,0.032,296,reviewed,us,us
2024-06-13T23:42:49.070Z,36.553165435791,-121.065170288086,5.3600001335144,2.66,md,53,68,,0.21,nc,nc75021977,2024-06-17T00:32:22.040Z,"7 km E of Pinnacles, CA",earthquake,0.31,0.939999998,0.12,56,automatic,nc,nc
2024-06-13T22:46:50.153Z,-8.6526,-75.9758,10,5,mb,72,71,3.422,0.68,us,us7000ms9k,2024-06-17T00:25:38.076Z,"57 km ESE of Uchiza, Peru",earthquake,8.4,1.818,0.036,241,reviewed,us,us
2024-06-13T21:45:27.556Z,8.9284,126.4278,58.103,4.8,mb,60,82,2.029,0.72,us,us7000ms9b,2024-06-17T00:15:18.040Z,"13 km ENE of Aras-asan, Philippines",earthquake,10.22,6.759,0.043,170,reviewed,us,us
2024-06-13T21:38:02.542Z,18.7067,146.6232,35,4.8,mb,80,74,3.538,0.5,us,us7000ms9a,2024-06-17T00:06:06.040Z,"Pagan region, Northern Mariana Islands",earthquake,7.66,1.842,0.049,131,reviewed,us,us
2024-06-13T21:06:53.750Z,17.855,-66.9265,11.93,2.67,md,5,291,0.1276,0.06,pr,pr71452563,2024-06-13T21:21:10.140Z,"13 km S of Guánica, Puerto Rico",earthquake,0.89,1.37,0.0162873205183149,4,reviewed,pr,pr
2024-06-13T19:44:01.659Z,5.6204,125.9728,110.748,4.5,mb,53,110,1.492,0.92,us,us7000ms8p,2024-06-13T20:01:59.040Z,"49 km SE of Caburan, Philippines",earthquake,9.32,7.752,0.067,65,reviewed,us,us
2024-06-13T18:06:38.460Z,32.2961667,-115.3115,14.99,2.78,ml,18,222,0.497,0.27,ci,ci40797520,2024-06-13T18:39:49.306Z,"13 km WSW of Delta, B.C., MX",earthquake,0.98,31.61,0.157,62,reviewed,ci,ci
2024-06-13T17:50:36.435Z,60.1198,-148.4666,6.1,3.1,ml,,,,0.84,ak,ak0247l63fcl,2024-06-13T18:45:42.219Z,"25 km WNW of Chenega, Alaska",earthquake,,0.3,,,reviewed,ak,ak
2024-06-13T17:44:36.774Z,43.1322,145.7668,79.133,4.3,mb,26,143,2.227,0.69,us,us7000ms7q,2024-06-13T18:27:14.040Z,"26 km SE of Nemuro, Japan",earthquake,5.03,8.463,0.129,17,reviewed,us,us
2024-06-13T17:40:08.403Z,20.1376,-155.6199,35.246,2.5,ml,12,257,0.129,0.09,us,us7000ms7m,2024-06-13T18:13:18.040Z,"5 km WNW of Kukuihaele, Hawaii",earthquake,4.27,4.719,0.057,40,reviewed,us,us
2024-06-13T17:25:32.781Z,60.1258,-148.5139,5.4,3.3,ml,,,,0.88,ak,ak0247l5y285,2024-06-13T18:06:19.040Z,"28 km WNW of Chenega, Alaska",earthquake,,0.1,,,reviewed,ak,ak
2024-06-13T17:18:11.620Z,19.3328333333333,-155.137666666667,6.21,2.7,ml,40,98,0.04742,0.09,hv,hv74275766,2024-06-13T21:52:52.066Z,"14 km S of Fern Forest, Hawaii",earthquake,0.37,0.7,0.141049846951558,28,reviewed,hv,hv
2024-06-13T17:12:54.545Z,-22.8177,-176.6682,130.412,5.1,mww,78,62,6.5,0.68,us,us7000ms7h,2024-06-13T17:35:55.040Z,"230 km SW of Houma, Tonga",earthquake,10.89,4.679,0.086,13,reviewed,us,us
2024-06-13T15:56:48.206Z,19.373,-155.2764,7.314,3.4,ml,21,111,0.034,0.34,us,us7000ms5h,2024-06-13T20:21:19.087Z,"8 km SSW of Volcano, Hawaii",earthquake,1.17,1.362,0.059,38,reviewed,us,us
2024-06-13T15:56:47.980Z,19.3925,-155.274833333333,1.9,2.92,ml,52,46,0.003066,0.12,hv,hv74275626,2024-06-13T20:20:42.722Z,"7 km SW of Volcano, Hawaii",earthquake,0.17,0.14,0.162433924275043,28,reviewed,hv,hv
2024-06-13T15:35:15.899Z,-7.529,127.6885,158.187,4.8,mb,61,45,3.712,0.81,us,us7000ms5e,2024-06-13T15:49:51.040Z,"133 km NE of Lospalos, Timor Leste",earthquake,3.5,6.866,0.053,111,reviewed,us,us
2024-06-13T15:25:05.438Z,63.214,-151.5526,35.6,3.3,ml,,,,0.91,ak,ak0247l4r4lf,2024-06-13T15:42:43.040Z,"37 km SSE of Denali National Park, Alaska",earthquake,,15.8,,,automatic,ak,ak
2024-06-13T14:04:57.903Z,52.7655,-175.6008,235.401,4.6,mb,79,80,0.728,0.81,us,us7000ms55,2024-06-13T15:56:49.997Z,"114 km WNW of Atka, Alaska",earthquake,9.27,7.184,0.032,291,reviewed,us,us
2024-06-13T13:49:11.376Z,57.7949,-155.6206,86.4,4.6,mww,,,,0.47,ak,ak0247l3pf99,2024-06-13T19:59:17.170Z,"73 km WNW of Karluk, Alaska",earthquake,,0.2,,,reviewed,ak,ak
2024-06-13T11:38:10.083Z,28.4735,52.9379,10,4.6,mb,70,69,4.569,0.81,us,us7000ms44,2024-06-13T11:57:16.040Z,"54 km SE of Fīrūzābād, Iran",earthquake,8.42,1.882,0.056,96,reviewed,us,us
2024-06-13T11:12:22.697Z,31.706,-101.695,5.6885,2.9,ml,19,61,0.1,0.1,tx,tx2024loms,2024-06-13T17:13:06.573Z,"26 km SW of Garden City, Texas",earthquake,1.1138750667732924,1.85411854472141,0.1,44,reviewed,tx,tx
2024-06-13T10:23:07.639Z,12.6133,144.2362,29.917,5.1,mb,76,39,1.149,1.08,us,us7000ms3s,2024-06-19T10:33:10.295Z,"86 km SSW of Merizo Village, Guam",earthquake,9.17,5.198,0.04,203,reviewed,us,us
2024-06-13T09:48:59.841Z,66.5868,-150.7921,4.5,2.7,ml,,,,0.84,ak,ak0247l1bkwu,2024-06-13T11:01:37.040Z,"48 km SE of Bettles, Alaska",earthquake,,0.4,,,automatic,ak,ak
2024-06-13T09:25:26.900Z,17.942,-66.9508333333333,9.75,2.48,md,11,219,0.05015,0.11,pr,pr71452473,2024-06-13T10:16:57.250Z,"5 km SW of Guánica, Puerto Rico",earthquake,0.49,0.49,0.0740032044419525,5,reviewed,pr,pr
2024-06-13T08:56:11.450Z,38.8569984436035,-123.012496948242,5.26000022888184,2.82,md,55,54,0.05301,0.08,nc,nc75021717,2024-06-13T19:38:44.451Z,"6 km NNE of Cloverdale, CA",earthquake,0.2,0.560000002,0.15,74,automatic,nc,nc
2024-06-13T07:40:37.833Z,49.5568,153.4488,192.677,4.5,mb,72,134,4.443,0.5,us,us7000ms38,2024-06-13T07:54:27.040Z,"228 km SW of Severo-Kuril’sk, Russia",earthquake,11.41,8.365,0.04,182,reviewed,us,us
2024-06-13T07:05:45.447Z,63.1193,-151.447,6.1,2.7,ml,,,,0.42,ak,ak0247kzvgsw,2024-06-13T07:15:10.040Z,"48 km SSE of Denali National Park, Alaska",earthquake,,0.3,,,automatic,ak,ak
2024-06-13T06:28:19.900Z,63.1202,-151.4337,4.6,3.4,ml,,,,0.94,ak,ak0247kzewoq,2024-06-13T07:44:01.084Z,"49 km SSE of Denali National Park, Alaska",earthquake,,0.2,,,reviewed,ak,ak
2024-06-13T05:30:07.261Z,55.485,162.715,49.112,4.9,mww,117,94,3.43,0.9,us,us7000ms2s,2024-06-13T05:47:20.040Z,"84 km S of Ust’-Kamchatsk Staryy, Russia",earthquake,8.4,6.369,0.093,11,reviewed,us,us
2024-06-13T04:58:13.060Z,40.2428321838379,-121.150001525879,-0.490000009536743,2.47,md,17,83,0.2357,0.23,nc,nc75021667,2024-06-13T15:36:12.330Z,"4 km NE of Almanor, CA",earthquake,0.56,15.3599997,0.04,11,automatic,nc,nc
2024-06-13T04:19:20.484Z,-24.2194,179.9965,512.568,4.5,mb,33,81,5.338,0.75,us,us7000ms2i,2024-06-13T04:41:29.040Z,"south of the Fiji Islands",earthquake,13.96,8.478,0.106,26,reviewed,us,us
2024-06-13T04:13:26.379Z,-18.91,-172.7208,10,5,mb,34,100,2.648,1.64,us,us7000ms2f,2024-06-13T04:33:25.040Z,"136 km ESE of Neiafu, Tonga",earthquake,6.37,1.913,0.12,22,reviewed,us,us
2024-06-13T03:34:54.469Z,27.1548,140.2535,427.016,4,mb,37,95,1.722,0.68,us,us7000ms29,2024-06-13T04:01:56.040Z,"Bonin Islands, Japan region",earthquake,11.23,9.87,0.116,20,reviewed,us,us
2024-06-13T03:31:53.037Z,44.3305,149.1329,50.496,4.2,mb,36,199,4.705,0.58,us,us7000ms27,2024-06-13T04:14:55.040Z,"140 km SE of Kuril’sk, Russia",earthquake,14.14,9.253,0.11,23,reviewed,us,us
2024-06-13T03:12:49.171Z,63.5912,-150.8063,8.3,3.5,ml,,,,0.89,ak,ak0247kxj8pd,2024-06-13T13:56:57.469Z,"45 km E of Denali National Park, Alaska",earthquake,,0.2,,,reviewed,ak,ak
2024-06-13T02:29:49.855Z,-5.7684,145.9859,67.84,4.6,mb,50,115,3.795,0.59,us,us7000ms22,2024-06-13T02:50:13.040Z,"59 km NNE of Kainantu, Papua New Guinea",earthquake,9.85,6.845,0.087,39,reviewed,us,us
2024-06-13T00:24:04.269Z,-30.8474,-71.7302,23.823,4.1,mb,27,194,0.72,0.83,us,us7000ms1m,2024-06-13T00:42:57.040Z,"57 km WSW of Ovalle, Chile",earthquake,3.82,7.614,0.261,4,reviewed,us,us
2024-06-13T00:09:14.650Z,18.2261666666667,-66.9033333333333,20.55,2.77,md,22,93,0.08529,0.23,pr,pr71452458,2024-06-13T01:55:48.737Z,"8 km SSW of Lares, Puerto Rico",earthquake,0.43,1.03,0.10142976340701,12,reviewed,pr,pr
2024-06-12T23:37:51.750Z,23.9038,121.6836,38.859,4.1,mb,19,109,0.281,0.4,us,us7000ms1g,2024-06-13T22:23:33.040Z,"11 km SE of Hualien City, Taiwan",earthquake,2.97,4.843,0.234,5,reviewed,us,us
2024-06-12T22:26:58.295Z,-29.9937,-71.3121,49.219,4.5,mb,43,145,0.098,0.73,us,us7000ms1a,2024-06-12T22:41:46.040Z,"5 km SSE of Coquimbo, Chile",earthquake,3.02,8.196,0.093,34,reviewed,us,us
2024-06-12T21:50:13.822Z,-36.1646,177.8283,249.648,4.3,mb,26,219,1.447,0.88,us,us7000ms15,2024-06-12T22:09:56.040Z,"164 km NNW of Hicks Bay, New Zealand",earthquake,12.56,8.927,0.119,20,reviewed,us,us
2024-06-12T20:18:21.688Z,-15.1004,-72.1974,117.658,4.3,mb,26,128,3.596,1.29,us,us7000ms0i,2024-06-12T20:48:45.040Z,"24 km NE of Orcopampa, Peru",earthquake,10.09,15.801,0.153,12,reviewed,us,us
2024-06-12T19:53:55.707Z,52.6239,-169.7662,36.948,3,ml,13,205,0.165,0.71,us,us7000ms19,2024-06-13T15:46:01.040Z,"70 km WSW of Nikolski, Alaska",earthquake,6,10.262,0.091,16,reviewed,us,us
2024-06-12T19:37:13.260Z,18.6215,-64.6093333333333,2.3,2.86,md,3,304,0.2005,0.01,pr,pr71452438,2024-06-12T19:58:45.220Z,"37 km NNE of Cruz Bay, U.S. Virgin Islands",earthquake,1.75,1.4,0.0657181686096497,3,reviewed,pr,pr
2024-06-12T19:34:10.850Z,19.2078333333333,-155.484833333333,32.73,2.52,ml,49,81,0.04249,0.11,hv,hv74274381,2024-06-13T15:47:36.040Z,"0 km NW of Pāhala, Hawaii",earthquake,0.41,0.54,0.165970148211864,33,reviewed,hv,hv
2024-06-12T19:19:10.647Z,35.9621,27.9471,59.023,4.8,mww,174,67,0.288,0.63,us,us7000ms04,2024-06-14T00:41:52.782Z,"15 km SSW of Lárdos, Greece",earthquake,4.95,5.221,0.075,17,reviewed,us,us
2024-06-12T18:10:58.751Z,-3.0154,130.2133,10,4.7,mb,87,55,2.035,0.77,us,us7000mrzx,2024-06-12T19:30:12.040Z,"141 km ENE of Masohi, Indonesia",earthquake,7.85,1.832,0.059,87,reviewed,us,us
2024-06-12T17:01:20.245Z,4.3844,126.4897,33.626,5.8,mww,146,34,2.817,0.77,us,us7000mrz8,2024-06-13T17:05:11.462Z,"160 km SE of Sarangani, Philippines",earthquake,6.4,4.176,0.052,35,reviewed,us,us
2024-06-12T16:29:28.880Z,56.561,-148.606,10,3,ml,24,253,2.488,0.5,us,us7000mrz2,2024-06-13T00:52:01.040Z,"251 km ESE of Chiniak, Alaska",earthquake,10.89,2.015,0.077,22,reviewed,us,us
2024-06-12T16:23:05.290Z,18.1903,-68.2566,82,3.51,md,7,200,1.1785,0.32,pr,pr2024164000,2024-06-12T17:13:58.405Z,"42 km ESE of Boca de Yuma, Dominican Republic",earthquake,2.54,3.43,0.08,4,reviewed,pr,pr
2024-06-12T15:33:23.986Z,-6.6816,155.1177,366.688,4.5,mb,86,69,5.511,0.61,us,us7000mrxy,2024-06-13T02:17:57.040Z,"57 km SW of Panguna, Papua New Guinea",earthquake,10.98,6.833,0.065,69,reviewed,us,us
